Dataset,Total Points,Num Features,First Feature,Mean,Std,Min,Max,CV,Variance,Autocorr(lag=1),SFM,"SNR (dB, top10% freqs)",Noise Power Ratio,Freq Kept (%),Recon RMSE,Recon RMSE (% of std),Recon Correlation,Recon MAE,Dominant Freq,Dominant Amp
ETTh1,17420,7,HUFL,7.375141,7.067541,-22.705999,23.643999,0.958292,49.950137,0.915034,0.545767,11.305536,0.068933,10.010332,1.855590,26.255099,0.964918,1.367615,0.041676,50707.452865
ETTh2,17420,7,HUFL,37.193346,10.218561,0.000000,107.892998,0.274742,104.418999,0.949882,0.493910,12.950023,0.048252,10.010332,2.244654,21.966442,0.975575,1.670276,0.000057,53059.305338
ETTm1,69680,7,HUFL,7.413993,7.082877,-23.242001,24.180000,0.955339,50.167149,0.975956,0.517497,16.126222,0.023818,10.002583,1.093110,15.433138,0.988019,0.725733,0.010419,203440.232593
ETTm2,69680,7,HUFL,37.219411,10.243369,0.000000,107.892998,0.275216,104.926600,0.980458,0.489120,16.376584,0.022514,10.002583,1.536982,15.004657,0.988679,1.166882,0.000014,212330.406788
Electricity,26304,321,0,23.263762,24.126706,0.000000,140.000000,1.037094,582.097933,0.866118,0.677244,8.499080,0.123794,10.005322,8.488818,35.184324,0.936059,5.650812,0.000076,169744.542961
Weather,52696,21,p (mbar),989.989233,9.207062,955.580000,1020.070000,0.009300,84.769992,0.999941,0.014505,35.964871,0.000253,10.000380,0.146495,1.591115,0.999873,0.070049,0.000095,111789.213494
Illness,966,7,% WEIGHTED ILI,1.851286,1.342346,0.351881,7.715100,0.725089,1.801894,0.965339,0.302310,10.471117,0.082333,10.123967,0.385169,28.693713,0.957949,0.270184,0.018634,418.623753
